{
    "output": "../mfbn/outputs/output_bnoc/tripartite-3/tripartite-3",
    "directory": null,
    "extension": "ncol",
    "vertices": [
        200,
        50,
        15
    ],
    "communities": [
        4,
        50,
        15
    ],
    "x": [
        0,
        0,
        0
    ],
    "z": [
        0,
        0,
        0
    ],
    "p": [
        [
            0.25,
            0.25,
            0.25,
            0.25
        ],
        [
            0.02,
            0.02,
            0.02,
            0.02,
            0.02,
            0.02,
            0.02,
            0.02,
            0.02,
            0.02,
            0.02,
            0.02,
            0.02,
            0.02,
            0.02,
            0.02,
            0.02,
            0.02,
            0.02,
            0.02,
            0.02,
            0.02,
            0.02,
            0.02,
            0.02,
            0.02,
            0.02,
            0.02,
            0.02,
            0.02,
            0.02,
            0.02,
            0.02,
            0.02,
            0.02,
            0.02,
            0.02,
            0.02,
            0.02,
            0.02,
            0.02,
            0.02,
            0.02,
            0.02,
            0.02,
            0.02,
            0.02,
            0.02,
            0.02,
            0.019999999999999463
        ],
        [
            0.06666666666666667,
            0.06666666666666667,
            0.06666666666666667,
            0.06666666666666667,
            0.06666666666666667,
            0.06666666666666667,
            0.06666666666666667,
            0.06666666666666667,
            0.06666666666666667,
            0.06666666666666667,
            0.06666666666666667,
            0.06666666666666667,
            0.06666666666666667,
            0.06666666666666667,
            0.06666666666666676
        ]
    ],
    "balanced": true,
    "d": [
        0.3,
        0.3,
        0.3
    ],
    "mu": [
        0.5,
        0.5,
        0.5
    ],
    "noise": [
        0.001,
        0.001,
        0.001
    ],
    "unweighted": false,
    "normalize": true,
    "conf": "input/tripartite-3.json",
    "show_timing": false,
    "save_timing_csv": false,
    "save_timing_json": false,
    "unique_key": false,
    "edges": 650
}