{
    "output": "../mfbn/outputs/output_bnoc/q_tripartite-1/q_tripartite-1",
    "directory": null,
    "extension": "ncol",
    "vertices": [
        20,
        10,
        15
    ],
    "communities": [
        4,
        10,
        15
    ],
    "x": [
        0,
        0,
        0
    ],
    "z": [
        0,
        0,
        0
    ],
    "p": [
        [
            0.25,
            0.25,
            0.25,
            0.25
        ],
        [
            0.1,
            0.1,
            0.1,
            0.1,
            0.1,
            0.1,
            0.1,
            0.1,
            0.1,
            0.10000000000000009
        ],
        [
            0.06666666666666667,
            0.06666666666666667,
            0.06666666666666667,
            0.06666666666666667,
            0.06666666666666667,
            0.06666666666666667,
            0.06666666666666667,
            0.06666666666666667,
            0.06666666666666667,
            0.06666666666666667,
            0.06666666666666667,
            0.06666666666666667,
            0.06666666666666667,
            0.06666666666666667,
            0.06666666666666676
        ]
    ],
    "balanced": true,
    "d": [
        0.7,
        0.7,
        0.7
    ],
    "mu": [
        0.7,
        0.7,
        0.7
    ],
    "noise": [
        0.01,
        0.01,
        0.01
    ],
    "unweighted": false,
    "normalize": true,
    "conf": "input/q_tripartite-1.json",
    "show_timing": false,
    "save_timing_csv": false,
    "save_timing_json": false,
    "unique_key": false,
    "edges": 74
}