{
    "output": "../mfbn/outputs/output_bnoc/q_4partite-3/q_4partite-3",
    "directory": null,
    "extension": "ncol",
    "vertices": [
        100,
        100,
        100,
        100
    ],
    "communities": [
        4,
        10,
        15,
        20
    ],
    "x": [
        0,
        0,
        0,
        0
    ],
    "z": [
        0,
        0,
        0,
        0
    ],
    "p": [
        [
            0.25,
            0.25,
            0.25,
            0.25
        ],
        [
            0.1,
            0.1,
            0.1,
            0.1,
            0.1,
            0.1,
            0.1,
            0.1,
            0.1,
            0.10000000000000009
        ],
        [
            0.06666666666666667,
            0.06666666666666667,
            0.06666666666666667,
            0.06666666666666667,
            0.06666666666666667,
            0.06666666666666667,
            0.06666666666666667,
            0.06666666666666667,
            0.06666666666666667,
            0.06666666666666667,
            0.06666666666666667,
            0.06666666666666667,
            0.06666666666666667,
            0.06666666666666667,
            0.06666666666666676
        ],
        [
            0.05,
            0.05,
            0.05,
            0.05,
            0.05,
            0.05,
            0.05,
            0.05,
            0.05,
            0.05,
            0.05,
            0.05,
            0.05,
            0.05,
            0.05,
            0.05,
            0.05,
            0.05,
            0.05,
            0.04999999999999971
        ]
    ],
    "balanced": true,
    "d": [
        0.05,
        0.05,
        0.05,
        0.1,
        0.1,
        0.1
    ],
    "mu": [
        0.5,
        0.5,
        0.5,
        0.5,
        0.5,
        0.5
    ],
    "noise": [
        0.001,
        0.001,
        0.001,
        0.001,
        0.001,
        0.001
    ],
    "unweighted": false,
    "normalize": true,
    "conf": "input/q_4partite-3.json",
    "show_timing": false,
    "save_timing_csv": false,
    "save_timing_json": false,
    "unique_key": false,
    "edges": 430
}